koi_fpflag_nt,koi_fpflag_ss,koi_fpflag_co,koi_fpflag_ec,koi_period,koi_impact,koi_duration,koi_depth,koi_prad,koi_insol,koi_model_snr,koi_steff,koi_slogg,koi_smass,koi_disposition
0,0,0,0,45.42191748349949,0.9695846277645586,4.498095607205338,0.07745223216036909,17.330516804574074,119.68228651370787,6.414313355903041,4448.75726456884,4.614880310328125,1.1261165047231685,CONFIRMED
1,1,0,0,181.24439528050235,0.7751328233611146,3.442141285965063,0.02067285247188307,12.65431347313738,713.2734627442727,33.63846850687012,3806.106436270022,4.792182599846987,0.8331617157060953,FALSE POSITIVE
0,0,0,0,13.517421685939496,0.9394989415641891,8.458637582367365,0.0015466895952366377,6.952511484626659,760.8089701120358,19.1460191484347,7648.488261712865,3.6360069499437278,0.6797980510005242,CONFIRMED
0,0,0,1,331.9926263566767,0.8948273504276488,4.210779940242304,0.08173068141702859,1.7393878305774608,561.3210698497393,27.885681102411624,7040.601897822085,3.2201038490553535,1.006422757105442,FALSE POSITIVE
0,0,0,1,95.19591330240615,0.5978999788110851,3.5284105871864266,0.0709788770409141,6.5641552734554125,770.9900832365655,45.84049132667418,6167.018782552117,3.4558703250838834,1.9143645558687787,CANDIDATE
0,0,1,0,242.15811150484944,0.9218742350231168,5.884264748424236,0.07317170963605775,6.841074779521567,493.8462168047543,16.21815031169937,7357.302950938589,3.8542155772525124,0.9848043980311328,CANDIDATE
0,0,0,0,114.46283169654559,0.0884925020519195,2.2683180247728636,0.077355764